<?xml version="1.0" encoding="ISO-8859-1"?>
<!-- Be careful to write the static overlay xml                             -->
<!-- 1. do not create the new path name here, the new path name should      -->
<!--    be created in common mixer path xml                                 -->
<!-- 2. the new path name should not contain the nested path, and should be -->
<!--    defined follow after default ctrl                                   -->
<!-- 3. the default ctl here will override that in common mixer path xml    -->
<!-- 4. the first level path will replace the path in common mixer path xml -->
<!-- 5. the max nested path can't exceed 10                                 -->

<mixer>
    <ctl name="ADC1 Volume" value="8" />
    <ctl name="ADC2 Volume" value="8" />
    <ctl name="ADC3 Volume" value="8" />
    <ctl name="ADC4 Volume" value="8" />
    <ctl name="TFA Profile" value="speaker" />
    <ctl name="HPHL_COMP Switch" value="0" />
    <ctl name="HPHR_COMP Switch" value="0" />
    <ctl name="HPHL Volume" value="20" />
    <ctl name="HPHR Volume" value="20" />
    <ctl name="SEC_MI2S_RX SampleRate" value="KHZ_48" />
    <ctl name="SEC_MI2S_RX Channels" value="Two" />
    <ctl name="SEC_MI2S_RX Format" value="S24_LE" />
    <ctl name="SEC_MI2S_TX SampleRate" value="KHZ_48" />
    <ctl name="SEC_MI2S_TX Channels" value="Two" />
    <ctl name="SEC_MI2S_TX Format" value="S24_LE" />
    <ctl name="SEC_MI2S_RX_VI_FB_MUX" value="ZERO" />
    <ctl name="USB_AUDIO_RX Format" value="S24_LE" />

    <path name="deep-buffer-playback speaker-protected">
        <path name="deep-buffer-playback speaker" />
    </path>

    <path name="deep-buffer-playback speaker-and-display-port">
        <path name="deep-buffer-playback display-port" />
        <path name="deep-buffer-playback speaker" />
    </path>

    <path name="deep-buffer-playback speaker-and-usb-headphones">
        <path name="deep-buffer-playback usb-headphones" />
        <path name="deep-buffer-playback speaker" />
    </path>

    <path name="deep-buffer-playback speaker-and-headphones">
        <path name="deep-buffer-playback headphones" />
        <path name="deep-buffer-playback speaker" />
    </path>

    <path name="deep-buffer-playback speaker-and-bt-sco">
        <path name="deep-buffer-playback bt-sco" />
        <path name="deep-buffer-playback speaker" />
    </path>

    <path name="deep-buffer-playback speaker-and-bt-sco-wb">
        <path name="deep-buffer-playback bt-sco-wb" />
        <path name="deep-buffer-playback speaker" />
    </path>

    <path name="deep-buffer-playback speaker-and-bt-a2dp">
        <path name="deep-buffer-playback bt-a2dp" />
        <path name="deep-buffer-playback speaker" />
    </path>

    <path name="low-latency-playback speaker-protected">
        <path name="low-latency-playback speaker" />
    </path>

    <path name="low-latency-playback speaker-and-bt-sco">
        <path name="low-latency-playback bt-sco" />
        <path name="low-latency-playback speaker" />
    </path>

    <path name="low-latency-playback speaker-and-bt-sco-wb">
        <path name="low-latency-playback bt-sco-wb" />
        <path name="low-latency-playback speaker" />
    </path>

    <path name="low-latency-playback speaker-and-bt-a2dp">
        <path name="low-latency-playback bt-a2dp" />
        <path name="low-latency-playback speaker" />
    </path>

    <path name="low-latency-playback speaker-and-display-port">
        <path name="low-latency-playback display-port" />
        <path name="low-latency-playback speaker" />
    </path>

    <path name="low-latency-playback speaker-and-usb-headphones">
        <path name="low-latency-playback usb-headphones" />
        <path name="low-latency-playback speaker" />
    </path>

    <path name="low-latency-playback speaker-and-headphones">
        <path name="low-latency-playback headphones" />
        <path name="low-latency-playback speaker" />
    </path>

    <path name="audio-ull-playback speaker-protected">
        <path name="audio-ull-playback speaker" />
    </path>

    <path name="audio-ull-playback speaker-and-headphones">
        <path name="audio-ull-playback speaker" />
        <path name="audio-ull-playback headphones" />
    </path>

    <path name="audio-ull-playback speaker-and-bt-sco">
        <path name="audio-ull-playback bt-sco" />
        <path name="audio-ull-playback speaker" />
    </path>

    <path name="audio-ull-playback speaker-and-bt-a2dp">
        <path name="audio-ull-playback bt-a2dp" />
        <path name="audio-ull-playback speaker" />
    </path>

    <path name="audio-ull-playback speaker-and-bt-sco-wb">
        <path name="audio-ull-playback bt-sco-wb" />
        <path name="audio-ull-playback speaker" />
    </path>

    <path name="audio-ull-playback speaker-and-display-port">
        <path name="audio-ull-playback display-port" />
        <path name="audio-ull-playback speaker" />
    </path>

    <path name="compress-offload-playback speaker-protected">
        <path name="compress-offload-playback speaker" />
    </path>

    <path name="compress-offload-playback speaker-and-display-port">
        <path name="compress-offload-playback display-port" />
        <path name="compress-offload-playback speaker" />
    </path>

    <path name="compress-offload-playback speaker-and-bt-sco">
        <path name="compress-offload-playback bt-sco" />
        <path name="compress-offload-playback speaker" />
    </path>

    <path name="compress-offload-playback speaker-and-bt-a2dp">
        <path name="compress-offload-playback bt-a2dp" />
        <path name="compress-offload-playback speaker" />
    </path>

    <path name="compress-offload-playback speaker-and-bt-sco-wb">
        <path name="compress-offload-playback bt-sco-wb" />
        <path name="compress-offload-playback speaker" />
    </path>

    <path name="compress-offload-playback speaker-and-usb-headphones">
        <path name="compress-offload-playback usb-headphones" />
        <path name="compress-offload-playback speaker" />
    </path>

    <path name="compress-offload-playback speaker-and-headphones">
        <path name="compress-offload-playback headphones" />
        <path name="compress-offload-playback speaker" />
    </path>

    <path name="compress-offload-playback2 speaker-and-display-port">
        <path name="compress-offload-playback2 display-port" />
        <path name="compress-offload-playback2 speaker" />
    </path>

    <path name="compress-offload-playback2 speaker-and-bt-sco">
        <path name="compress-offload-playback2 bt-sco" />
        <path name="compress-offload-playback2 speaker" />
    </path>

    <path name="compress-offload-playback2 speaker-and-bt-sco-wb">
        <path name="compress-offload-playback2 bt-sco-wb" />
        <path name="compress-offload-playback2 speaker" />
    </path>

    <path name="compress-offload-playback2 speaker-and-bt-a2dp">
        <path name="compress-offload-playback2 bt-a2dp" />
        <path name="compress-offload-playback2 speaker" />
    </path>

    <path name="compress-offload-playback2 speaker-and-usb-headphones">
        <path name="compress-offload-playback2 usb-headphones" />
        <path name="compress-offload-playback2 speaker" />
    </path>

    <path name="compress-offload-playback2 speaker-and-headphones">
        <path name="compress-offload-playback2 headphones" />
        <path name="compress-offload-playback2 speaker" />
    </path>

    <path name="compress-offload-playback3 speaker-and-display-port">
        <path name="compress-offload-playback3 display-port" />
        <path name="compress-offload-playback3 speaker" />
    </path>

    <path name="compress-offload-playback3 speaker-and-bt-sco">
        <path name="compress-offload-playback3 bt-sco" />
        <path name="compress-offload-playback3 speaker" />
    </path>

    <path name="compress-offload-playback3 speaker-and-bt-sco-wb">
        <path name="compress-offload-playback3 bt-sco-wb" />
        <path name="compress-offload-playback3 speaker" />
    </path>

    <path name="compress-offload-playback3 speaker-and-bt-a2dp">
        <path name="compress-offload-playback3 bt-a2dp" />
        <path name="compress-offload-playback3 speaker" />
    </path>

    <path name="compress-offload-playback3 speaker-and-usb-headphones">
        <path name="compress-offload-playback3 usb-headphones" />
        <path name="compress-offload-playback3 speaker" />
    </path>

    <path name="compress-offload-playback3 speaker-and-headphones">
        <path name="compress-offload-playback3 headphones" />
        <path name="compress-offload-playback3 speaker" />
    </path>

    <path name="compress-offload-playback4 speaker-and-display-port">
        <path name="compress-offload-playback4 display-port" />
        <path name="compress-offload-playback4 speaker" />
    </path>

    <path name="compress-offload-playback4 speaker-and-usb-headphones">
        <path name="compress-offload-playback4 usb-headphones" />
        <path name="compress-offload-playback4 speaker" />
    </path>

    <path name="compress-offload-playback4 speaker-and-headphones">
        <path name="compress-offload-playback4 headphones" />
        <path name="compress-offload-playback4 speaker" />
    </path>

    <path name="compress-offload-playback4 speaker-and-bt-sco">
        <path name="compress-offload-playback4 bt-sco" />
        <path name="compress-offload-playback4 speaker" />
    </path>

    <path name="compress-offload-playback4 speaker-and-bt-sco-wb">
        <path name="compress-offload-playback4 bt-sco-wb" />
        <path name="compress-offload-playback4 speaker" />
    </path>

    <path name="compress-offload-playback4 speaker-and-bt-a2dp">
        <path name="compress-offload-playback4 bt-a2dp" />
        <path name="compress-offload-playback4 speaker" />
    </path>

    <path name="compress-offload-playback5 speaker-and-display-port">
        <path name="compress-offload-playback5 display-port" />
        <path name="compress-offload-playback5 speaker" />
    </path>

    <path name="compress-offload-playback5 speaker-and-bt-sco">
        <path name="compress-offload-playback5 bt-sco" />
        <path name="compress-offload-playback5 speaker" />
    </path>

    <path name="compress-offload-playback5 speaker-and-bt-sco-wb">
        <path name="compress-offload-playback5 bt-sco-wb" />
        <path name="compress-offload-playback5 speaker" />
    </path>

    <path name="compress-offload-playback5 speaker-and-bt-a2dp">
        <path name="compress-offload-playback5 bt-a2dp" />
        <path name="compress-offload-playback5 speaker" />
    </path>

    <path name="compress-offload-playback5 speaker-and-usb-headphones">
        <path name="compress-offload-playback5 usb-headphones" />
        <path name="compress-offload-playback5 speaker" />
    </path>

    <path name="compress-offload-playback5 speaker-and-headphones">
        <path name="compress-offload-playback5 headphones" />
        <path name="compress-offload-playback5 speaker" />
    </path>

    <path name="compress-offload-playback6 speaker-and-display-port">
        <path name="compress-offload-playback6 display-port" />
        <path name="compress-offload-playback6 speaker" />
    </path>

    <path name="compress-offload-playback6 speaker-and-bt-sco">
        <path name="compress-offload-playback6 bt-sco" />
        <path name="compress-offload-playback6 speaker" />
    </path>

    <path name="compress-offload-playback6 speaker-and-bt-sco-wb">
        <path name="compress-offload-playback6 bt-sco-wb" />
        <path name="compress-offload-playback6 speaker" />
    </path>

    <path name="compress-offload-playback6 speaker-and-bt-a2dp">
        <path name="compress-offload-playback6 bt-a2dp" />
        <path name="compress-offload-playback6 speaker" />
    </path>

    <path name="compress-offload-playback6 speaker-and-usb-headphones">
        <path name="compress-offload-playback6 usb-headphones" />
        <path name="compress-offload-playback6 speaker" />
    </path>

    <path name="compress-offload-playback6 speaker-and-headphones">
        <path name="compress-offload-playback6 headphones" />
        <path name="compress-offload-playback6 speaker" />
    </path>

    <path name="compress-offload-playback7 speaker-and-display-port">
        <path name="compress-offload-playback7 display-port" />
        <path name="compress-offload-playback7 speaker" />
    </path>

    <path name="compress-offload-playback7 speaker-and-bt-sco">
        <path name="compress-offload-playback7 bt-sco" />
        <path name="compress-offload-playback7 speaker" />
    </path>

    <path name="compress-offload-playback7 speaker-and-bt-sco-wb">
        <path name="compress-offload-playback7 bt-sco-wb" />
        <path name="compress-offload-playback7 speaker" />
    </path>

    <path name="compress-offload-playback7 speaker-and-bt-a2dp">
        <path name="compress-offload-playback7 bt-a2dp" />
        <path name="compress-offload-playback7 speaker" />
    </path>

    <path name="compress-offload-playback7 speaker-and-usb-headphones">
        <path name="compress-offload-playback7 usb-headphones" />
        <path name="compress-offload-playback7 speaker" />
    </path>

    <path name="compress-offload-playback7 speaker-and-headphones">
        <path name="compress-offload-playback7 headphones" />
        <path name="compress-offload-playback7 speaker" />
    </path>

    <path name="compress-offload-playback8 speaker-and-display-port">
        <path name="compress-offload-playback8 display-port" />
        <path name="compress-offload-playback8 speaker" />
    </path>

    <path name="compress-offload-playback8 speaker-and-bt-sco">
        <path name="compress-offload-playback8 bt-sco" />
        <path name="compress-offload-playback8 speaker" />
    </path>

    <path name="compress-offload-playback8 speaker-and-bt-sco-wb">
        <path name="compress-offload-playback8 bt-sco-wb" />
        <path name="compress-offload-playback8 speaker" />
    </path>

    <path name="compress-offload-playback8 speaker-and-bt-a2dp">
        <path name="compress-offload-playback8 bt-a2dp" />
        <path name="compress-offload-playback8 speaker" />
    </path>

    <path name="compress-offload-playback8 speaker-and-usb-headphones">
        <path name="compress-offload-playback8 usb-headphones" />
        <path name="compress-offload-playback8 speaker" />
    </path>

    <path name="compress-offload-playback8 speaker-and-headphones">
        <path name="compress-offload-playback8 headphones" />
        <path name="compress-offload-playback8 speaker" />
    </path>

    <path name="compress-offload-playback9 speaker-and-display-port">
        <path name="compress-offload-playback9 display-port" />
        <path name="compress-offload-playback9 speaker" />
    </path>

    <path name="compress-offload-playback9 speaker-and-bt-sco">
        <path name="compress-offload-playback9 bt-sco" />
        <path name="compress-offload-playback9 speaker" />
    </path>

    <path name="compress-offload-playback9 speaker-and-bt-sco-wb">
        <path name="compress-offload-playback9 bt-sco-wb" />
        <path name="compress-offload-playback9 speaker" />
    </path>

    <path name="compress-offload-playback9 speaker-and-bt-a2dp">
        <path name="compress-offload-playback9 bt-a2dp" />
        <path name="compress-offload-playback9 speaker" />
    </path>

    <path name="compress-offload-playback9 speaker-and-usb-headphones">
        <path name="compress-offload-playback9 usb-headphones" />
        <path name="compress-offload-playback9 speaker" />
    </path>

    <path name="compress-offload-playback9 speaker-and-headphones">
        <path name="compress-offload-playback9 headphones" />
        <path name="compress-offload-playback9 speaker" />
    </path>

    <path name="low-latency-playback">
        <ctl name="RX_CDC_DMA_RX_0 Audio Mixer MultiMedia5" value="1" />
    </path>

    <path name="compress-offload-playback2">
         <ctl name="RX_CDC_DMA_RX_0 Audio Mixer MultiMedia7" value="1" />
    </path>

    <path name="voicemmode1-call">
        <ctl name="RX_CDC_DMA_RX_0_Voice Mixer VoiceMMode1" value="1" />
        <ctl name="VoiceMMode1_Tx Mixer TX_CDC_DMA_TX_3_MMode1" value="1" />

    </path>

    <path name="voicemmode1-call speaker">
        <ctl name="VOC_EXT_EC MUX" value="SEC_MI2S_RX" />
        <ctl name="SEC_MI2S_RX_Voice Mixer VoiceMMode1" value="1" />
        <ctl name="VoiceMMode1_Tx Mixer TX_CDC_DMA_TX_3_MMode1" value="1" />
    </path>

    <path name="voicemmode1-call speaker-2">
        <ctl name="VOC_EXT_EC MUX" value="SEC_MI2S_RX" />
        <ctl name="SEC_MI2S_RX_Voice Mixer VoiceMMode1" value="1" />
        <ctl name="VoiceMMode1_Tx Mixer TX_CDC_DMA_TX_3_MMode1" value="1" />
    </path>

    <path name="voicemmode2-call">
        <ctl name="RX_CDC_DMA_RX_0_Voice Mixer VoiceMMode2" value="1" />
        <ctl name="VoiceMMode2_Tx Mixer TX_CDC_DMA_TX_3_MMode2" value="1" />
    </path>

    <path name="voicemmode2-call speaker">
        <ctl name="VOC_EXT_EC MUX" value="SEC_MI2S_RX" />
        <ctl name="SEC_MI2S_RX_Voice Mixer VoiceMMode2" value="1" />
        <ctl name="VoiceMMode2_Tx Mixer TX_CDC_DMA_TX_3_MMode2" value="1" />
    </path>

    <path name="voicemmode2-call speaker-2">
        <ctl name="VOC_EXT_EC MUX" value="SEC_MI2S_RX" />
        <ctl name="SEC_MI2S_RX_Voice Mixer VoiceMMode2" value="1" />
        <ctl name="VoiceMMode2_Tx Mixer TX_CDC_DMA_TX_3_MMode2" value="1" />
    </path>

    <path name="speaker">
        <ctl name="TFA Profile" value="speaker" />
    </path>

    <path name="speaker-protected">
        <path name="speaker" />
    </path>

    <path name="voice-speaker">
        <ctl name="TFA Profile" value="speech" />
    </path>

    <path name="speaker-mono">
    </path>

    <path name="speaker-mono-2">
    </path>

    <path name="voice-speaker-protected">
        <path name="speaker" />
    </path>

   <path name="spkr-rx-calib">
        <ctl name="SEC_MI2S_RX_DL_HL Switch"  value="1" />
    </path>

    <path name="handset">
        <ctl name="RX_MACRO RX0 MUX" value="AIF1_PB" />
        <ctl name="RX INT0_1 MIX1 INP0" value="RX0" />

        <ctl name="EAR_RDAC Switch" value="1" />
        <ctl name="RDAC3_MUX" value="RX1" />
        <ctl name="RX_EAR Mode" value="ON" />
        <ctl name="RX_COMP1 Switch" value="0" />
        <ctl name="RX_COMP2 Switch" value="0" />
        <ctl name="RX INT0 DEM MUX" value="CLSH_DSM_OUT" />
        <ctl name="RX_CDC_DMA_RX_0 Channels" value="One" />
        <ctl name="RX_RX0 Digital Volume" value="90" />
        <ctl name="EAR PA GAIN" value="G_6_DB" />
    </path>

    <path name="handset-mic">
        <ctl name="ADC1_MIXER Switch" value="1" />
        <ctl name="TX SMIC MUX0" value="ADC0" />
        <ctl name="TX DEC0 MUX" value="SWR_MIC" />
        <ctl name="TX_AIF1_CAP Mixer DEC0" value="1" />
        <ctl name="ADC1 Volume" value="8" />
        <ctl name="TX DEC1 MUX" value="SWR_MIC" />
        <ctl name="TX SMIC MUX1" value="ADC3" />
        <ctl name="TX_CDC_DMA_TX_3 Channels" value="Two" />
        <ctl name="TX_AIF1_CAP Mixer DEC1" value="1" />
        <ctl name="ADC4_MIXER Switch" value="1" />
        <ctl name="ADC4 MUX" value="INP5" />
        <ctl name="ADC4 Volume" value="8" />
    </path>

    <path name="speaker-mic">
        <path name="amic1" />
    </path>

    <path name="headset-mic">
        <ctl name="TX_DEC0 Volume" value="50" />
        <ctl name="ADC2 Volume" value="8" />
        <path name="amic2" />
    </path>

    <path name="headphones">
        <ctl name="RX_MACRO RX0 MUX" value="AIF1_PB" />
        <ctl name="RX_MACRO RX1 MUX" value="AIF1_PB" />
        <ctl name="RX_CDC_DMA_RX_0 Channels" value="Two" />
        <ctl name="RX INT0_1 MIX1 INP0" value="RX0" />
        <ctl name="RX INT1_1 MIX1 INP0" value="RX1" />
        <ctl name="RX INT0 DEM MUX" value="CLSH_DSM_OUT" />
        <ctl name="RX INT1 DEM MUX" value="CLSH_DSM_OUT" />
        <ctl name="RX_COMP1 Switch" value="0" />
        <ctl name="RX_COMP2 Switch" value="0" />
        <ctl name="HPHL_COMP Switch" value="0" />
        <ctl name="HPHR_COMP Switch" value="0" />
        <ctl name="HPHL_RDAC Switch" value="1" />
        <ctl name="HPHR_RDAC Switch" value="1" />
    </path>

    <!-- Dual MIC devices -->
    <path name="handset-dmic-endfire">
        <ctl name="TX DEC1 MUX" value="SWR_MIC" />
        <ctl name="TX SMIC MUX1" value="ADC3" />
        <ctl name="TX_AIF1_CAP Mixer DEC1" value="1" />
        <ctl name="ADC4_MIXER Switch" value="1" />
        <ctl name="ADC4 MUX" value="INP5" />
        <ctl name="TX DEC0 MUX" value="SWR_MIC" />
        <ctl name="TX SMIC MUX0" value="ADC0" />
        <ctl name="TX_AIF1_CAP Mixer DEC0" value="1" />
        <ctl name="ADC1_MIXER Switch" value="1" />
        <ctl name="TX_CDC_DMA_TX_3 Channels" value="Two" />
        <ctl name="ADC4 Volume" value="8" />
        <ctl name="ADC1 Volume" value="8" />
    </path>

    <path name="speaker-dmic-endfire">
        <ctl name="TX DEC1 MUX" value="SWR_MIC" />
        <ctl name="TX SMIC MUX1" value="ADC3" />
        <ctl name="TX_AIF1_CAP Mixer DEC1" value="1" />
        <ctl name="ADC4_MIXER Switch" value="1" />
        <ctl name="ADC4 MUX" value="INP5" />
        <ctl name="TX DEC0 MUX" value="SWR_MIC" />
        <ctl name="TX SMIC MUX0" value="ADC0" />
        <ctl name="TX_AIF1_CAP Mixer DEC0" value="1" />
        <ctl name="ADC1_MIXER Switch" value="1" />
        <ctl name="TX_CDC_DMA_TX_3 Channels" value="Two" />
        <ctl name="ADC4 Volume" value="8" />
        <ctl name="ADC1 Volume" value="6" />
    </path>

    <path name="sidetone-headphones">
    </path>

    <path name="audio-playback-voip">
        <ctl name="RX_CDC_DMA_RX_0 Audio Mixer MultiMedia10" value="1" />
    </path>

    <path name="compress-voip-call speaker">
        <ctl name="VOIP_EXT_EC MUX" value="SEC_MI2S_RX" />
        <ctl name="SEC_MI2S_RX_Voice Mixer Voip" value="1" />
        <ctl name="Voip_Tx Mixer TX_CDC_DMA_TX_3_Voip" value="1" />
    </path>

    <path name="camcorder-dmic">
        <path name="handset-dmic-dual-adc" />
    </path>

    <path name="handset-stereo-dmic-ef">
        <path name="handset-dmic-dual-adc" />
    </path>

</mixer>
