<?xml version="1.0" encoding="ISO-8859-1"?>
<!-- Copyright (c) 2015-2016, The Linux Foundation. All rights reserved.    -->
<!--                                                                        -->
<!-- Redistribution and use in source and binary forms, with or without     -->
<!-- modification, are permitted provided that the following conditions are -->
<!-- met:                                                                   -->
<!--     * Redistributions of source code must retain the above copyright   -->
<!--       notice, this list of conditions and the following disclaimer.    -->
<!--     * Redistributions in binary form must reproduce the above          -->
<!--       copyright notice, this list of conditions and the following      -->
<!--       disclaimer in the documentation and/or other materials provided  -->
<!--       with the distribution.                                           -->
<!--     * Neither the name of The Linux Foundation nor the names of its    -->
<!--       contributors may be used to endorse or promote products derived  -->
<!--       from this software without specific prior written permission.    -->
<!--                                                                        -->
<!-- THIS SOFTWARE IS PROVIDED "AS IS" AND ANY EXPRESS OR IMPLIED           -->
<!-- WARRANTIES, INCLUDING, BUT NOT LIMITED TO, THE IMPLIED WARRANTIES OF   -->
<!-- MERCHANTABILITY, FITNESS FOR A PARTICULAR PURPOSE AND NON-INFRINGEMENT -->
<!-- ARE DISCLAIMED.  IN NO EVENT SHALL THE COPYRIGHT OWNER OR CONTRIBUTORS -->
<!-- BE LIABLE FOR ANY DIRECT, INDIRECT, INCIDENTAL, SPECIAL, EXEMPLARY, OR -->
<!-- CONSEQUENTIAL DAMAGES (INCLUDING, BUT NOT LIMITED TO, PROCUREMENT OF   -->
<!-- SUBSTITUTE GOODS OR SERVICES; LOSS OF USE, DATA, OR PROFITS; OR        -->
<!-- BUSINESS INTERRUPTION) HOWEVER CAUSED AND ON ANY THEORY OF LIABILITY,  -->
<!-- OR OTHERWISE) ARISING IN ANY WAY OUT OF THE USE OF THIS SOFTWARE, EVEN -->
<!-- IF ADVISED OF THE POSSIBILITY OF SUCH DAMAGE.                          -->
<mixer>
    <path name="headphones">
        <ctl name="RX_MACRO RX0 MUX" value="AIF1_PB" />
        <ctl name="RX_MACRO RX1 MUX" value="AIF1_PB" />
        <ctl name="RX_CDC_DMA_RX_0 Channels" value="Two" />
        <ctl name="RX INT0_1 MIX1 INP0" value="RX0" />
        <ctl name="RX INT1_1 MIX1 INP0" value="RX1" />
        <ctl name="RX INT0 DEM MUX" value="CLSH_DSM_OUT" />
        <ctl name="RX INT1 DEM MUX" value="CLSH_DSM_OUT" />
        <ctl name="RX_COMP1 Switch" value="0" />
        <ctl name="RX_COMP2 Switch" value="0" />
        <ctl name="HPHL_RDAC Switch" value="1" />
        <ctl name="HPHR_RDAC Switch" value="1" />
        <ctl name="COMP1 Switch" value="0" />
        <ctl name="COMP2 Switch" value="0" />
        <ctl name="HPHL Volume" value="16" />
        <ctl name="HPHR Volume" value="16" />
    </path>
</mixer>
